[
  {
    "id": "405a9156-32a8-424e-b73e-3b32a46748c5",
    "data": [
      {
        "text": "about us",
        "userDefined": false
      }
    ],
    "isTemplate": false,
    "count": 0,
    "updated": 0
  },
  {
    "id": "d9b334c5-98ec-4c4e-ae71-60d0a5add592",
    "data": [
      {
        "text": "about panipat institute of engineering and technology",
        "userDefined": false
      }
    ],
    "isTemplate": false,
    "count": 0,
    "updated": 0
  },
  {
    "id": "7a22e4ab-d3f3-4416-9d52-017f1b2fc3c7",
    "data": [
      {
        "text": "about P I E T",
        "userDefined": false
      }
    ],
    "isTemplate": false,
    "count": 0,
    "updated": 0
  },
  {
    "id": "7813be6c-2a40-413c-9bec-84d3bdfea3d9",
    "data": [
      {
        "text": "About",
        "userDefined": false
      }
    ],
    "isTemplate": false,
    "count": 0,
    "updated": 0
  }
]