[
  {
    "id": "f9fc2561-be4e-4caf-bd96-e835201d7f06",
    "data": [
      {
        "text": "Student achievements at PIET",
        "userDefined": false
      }
    ],
    "isTemplate": false,
    "count": 0,
    "updated": 0
  },
  {
    "id": "8ca8bebd-a190-47c5-adef-cf9c10fad209",
    "data": [
      {
        "text": "Student Achiever",
        "userDefined": false
      }
    ],
    "isTemplate": false,
    "count": 0,
    "updated": 0
  },
  {
    "id": "161c5e28-9eb2-459e-9913-201c8419bb3d",
    "data": [
      {
        "text": "Student Achievers",
        "userDefined": false
      }
    ],
    "isTemplate": false,
    "count": 0,
    "updated": 0
  },
  {
    "id": "eae468be-26fb-43ec-8e9b-33f832252154",
    "data": [
      {
        "text": "Student Achievers at P I ET",
        "userDefined": false
      }
    ],
    "isTemplate": false,
    "count": 0,
    "updated": 0
  },
  {
    "id": "21fe8996-7217-4a57-bed4-4d2ba9ad73b3",
    "data": [
      {
        "text": "Student Achiever at P I ET",
        "userDefined": false
      }
    ],
    "isTemplate": false,
    "count": 0,
    "updated": 0
  }
]