[
  {
    "id": "e028908c-3087-450a-bb52-06b8b19cf425",
    "data": [
      {
        "text": "admission in d pharma",
        "userDefined": false
      }
    ],
    "isTemplate": false,
    "count": 0,
    "updated": 0
  },
  {
    "id": "6bf65440-297d-495d-838d-a6e216874a7c",
    "data": [
      {
        "text": "admission in mca",
        "userDefined": false
      }
    ],
    "isTemplate": false,
    "count": 0,
    "updated": 0
  },
  {
    "id": "4433dc4b-4082-4ad6-8e49-084b01975369",
    "data": [
      {
        "text": "admission in m tech",
        "userDefined": false
      }
    ],
    "isTemplate": false,
    "count": 0,
    "updated": 0
  },
  {
    "id": "09352611-7e3a-48c4-8883-f00d540cb27f",
    "data": [
      {
        "text": "admission in mba",
        "userDefined": false
      }
    ],
    "isTemplate": false,
    "count": 0,
    "updated": 0
  },
  {
    "id": "3722f164-9b16-4e3a-918c-f6b46ba494c2",
    "data": [
      {
        "text": "admission in bca",
        "userDefined": false
      }
    ],
    "isTemplate": false,
    "count": 0,
    "updated": 0
  },
  {
    "id": "35ff06f3-6020-4bb1-8d95-70cf0d8c3344",
    "data": [
      {
        "text": "Admission in bba",
        "userDefined": false
      }
    ],
    "isTemplate": false,
    "count": 0,
    "updated": 0
  },
  {
    "id": "59f72d11-5a4e-4bbe-927a-280b8420de32",
    "data": [
      {
        "text": "Admission in B tech",
        "userDefined": false
      }
    ],
    "isTemplate": false,
    "count": 0,
    "updated": 0
  },
  {
    "id": "94cd4787-5bcd-48c5-b554-3a8776d43023",
    "data": [
      {
        "text": "Admission at P I E T",
        "userDefined": false
      }
    ],
    "isTemplate": false,
    "count": 0,
    "updated": 0
  },
  {
    "id": "7a7cb5e9-7235-4a14-9fd3-1e2c5106d70a",
    "data": [
      {
        "text": "Admission",
        "userDefined": false
      }
    ],
    "isTemplate": false,
    "count": 0,
    "updated": 0
  },
  {
    "id": "955bf487-667c-45b4-bb84-a8337a3b389c",
    "data": [
      {
        "text": "I want to take admission",
        "userDefined": false
      }
    ],
    "isTemplate": false,
    "count": 0,
    "updated": 0
  }
]