[
  {
    "id": "fa2910d9-0ab8-40a9-a383-937e0bfb52da",
    "data": [
      {
        "text": "Celebrity",
        "userDefined": false
      }
    ],
    "isTemplate": false,
    "count": 0,
    "updated": 0
  },
  {
    "id": "52aaca5f-c58b-4bc0-9a37-a2c30e0a46a7",
    "data": [
      {
        "text": "celebrity at panipat Institute of Engineering and Tecnology",
        "userDefined": false
      }
    ],
    "isTemplate": false,
    "count": 0,
    "updated": 0
  },
  {
    "id": "973b11db-d7fc-4680-a5de-1628472d1ecf",
    "data": [
      {
        "text": "celebrities",
        "userDefined": false
      }
    ],
    "isTemplate": false,
    "count": 0,
    "updated": 0
  },
  {
    "id": "41915855-1b15-4d70-8c3c-ac2172173f4c",
    "data": [
      {
        "text": "celebrities at P I ET",
        "userDefined": false
      }
    ],
    "isTemplate": false,
    "count": 0,
    "updated": 0
  },
  {
    "id": "e71a69fe-06a8-4faf-bf42-9a092b33c096",
    "data": [
      {
        "text": "Celebrities PIET",
        "userDefined": false
      }
    ],
    "isTemplate": false,
    "count": 0,
    "updated": 0
  }
]