[
  {
    "id": "cd8e9a76-8f34-4ef3-9b47-cc62b81a248e",
    "data": [
      {
        "text": "Central Team",
        "userDefined": false
      }
    ],
    "isTemplate": false,
    "count": 0,
    "updated": 0
  },
  {
    "id": "54b7be39-7ac5-42d6-9916-b0e27e446dbc",
    "data": [
      {
        "text": "faculty in PIET",
        "userDefined": false
      }
    ],
    "isTemplate": false,
    "count": 0,
    "updated": 0
  },
  {
    "id": "b5b26778-7143-47a5-9ad6-cdf2c31a8ffc",
    "data": [
      {
        "text": "Faculties",
        "userDefined": false
      }
    ],
    "isTemplate": false,
    "count": 0,
    "updated": 0
  },
  {
    "id": "7393681d-a302-40af-9b48-699dd3bf5be7",
    "data": [
      {
        "text": "Team and faculty",
        "userDefined": false
      }
    ],
    "isTemplate": false,
    "count": 1,
    "updated": 0
  },
  {
    "id": "200ca9a0-84ca-4be7-9268-e66d2d10b309",
    "data": [
      {
        "text": "Central team at PIET",
        "userDefined": false
      }
    ],
    "isTemplate": false,
    "count": 0,
    "updated": 0
  }
]