[
  {
    "id": "959a672b-c3be-4760-9cf9-b5ef60fb82b2",
    "data": [
      {
        "text": "societies at p I E T",
        "userDefined": false
      }
    ],
    "isTemplate": false,
    "count": 0,
    "updated": 0
  },
  {
    "id": "9cdca95d-97dc-4d3d-9709-a9a8c7874dde",
    "data": [
      {
        "text": "P I E T clubs",
        "userDefined": false
      }
    ],
    "isTemplate": false,
    "count": 0,
    "updated": 0
  },
  {
    "id": "ba58fad3-1d10-400d-b916-4a28f083a474",
    "data": [
      {
        "text": "societies in P I E T",
        "userDefined": false
      }
    ],
    "isTemplate": false,
    "count": 0,
    "updated": 0
  },
  {
    "id": "5ad0ddeb-580a-4844-8df3-72ea0951fd51",
    "data": [
      {
        "text": "clubs in P I E T",
        "userDefined": false
      }
    ],
    "isTemplate": false,
    "count": 0,
    "updated": 0
  },
  {
    "id": "7b67f698-4966-40ec-b037-9f7246eee5c7",
    "data": [
      {
        "text": "clubs in piet",
        "userDefined": false
      }
    ],
    "isTemplate": false,
    "count": 0,
    "updated": 0
  },
  {
    "id": "c902c3f3-97ca-4d72-9c35-91c4b8031cf6",
    "data": [
      {
        "text": "club and societies",
        "userDefined": false
      }
    ],
    "isTemplate": false,
    "count": 0,
    "updated": 0
  },
  {
    "id": "777660b0-ca4a-4a24-a806-051ff405d10b",
    "data": [
      {
        "text": "club/societies",
        "userDefined": false
      }
    ],
    "isTemplate": false,
    "count": 0,
    "updated": 0
  },
  {
    "id": "18915828-f0c6-4af6-9069-fb53149cf3fc",
    "data": [
      {
        "text": "societies",
        "userDefined": false
      }
    ],
    "isTemplate": false,
    "count": 0,
    "updated": 0
  },
  {
    "id": "c4e84785-0cdb-43e8-a984-121f9ee88326",
    "data": [
      {
        "text": "club",
        "userDefined": false
      }
    ],
    "isTemplate": false,
    "count": 0,
    "updated": 0
  },
  {
    "id": "52036be4-daaf-4392-a116-1d403257787e",
    "data": [
      {
        "text": "Club / Societies",
        "userDefined": false
      }
    ],
    "isTemplate": false,
    "count": 0,
    "updated": 0
  }
]