[
  {
    "id": "f85ef36e-a50f-4e9f-8dec-e0b95c417b8e",
    "data": [
      {
        "text": "connect piet",
        "userDefined": false
      }
    ],
    "isTemplate": false,
    "count": 0,
    "updated": 0
  },
  {
    "id": "fead4199-1b43-4925-a0f8-519b58353380",
    "data": [
      {
        "text": "connect to piet",
        "userDefined": false
      }
    ],
    "isTemplate": false,
    "count": 0,
    "updated": 0
  },
  {
    "id": "6aa02d7a-7545-4b86-975b-84f7fd742a74",
    "data": [
      {
        "text": "PIET email",
        "userDefined": false
      }
    ],
    "isTemplate": false,
    "count": 0,
    "updated": 0
  },
  {
    "id": "55879e7f-1b74-46e5-9c9d-a4dfbc11e3dc",
    "data": [
      {
        "text": "helpline number",
        "userDefined": false
      }
    ],
    "isTemplate": false,
    "count": 0,
    "updated": 0
  },
  {
    "id": "1db030c4-98c3-4ddf-8a81-e8c24b35014a",
    "data": [
      {
        "text": "Contact piet",
        "userDefined": false
      }
    ],
    "isTemplate": false,
    "count": 0,
    "updated": 0
  },
  {
    "id": "1c941d7d-b806-45e6-b076-c44dd6a8935b",
    "data": [
      {
        "text": "Contact P I E T",
        "userDefined": false
      }
    ],
    "isTemplate": false,
    "count": 0,
    "updated": 0
  },
  {
    "id": "190068b6-603f-4833-a078-bbdaae80e4df",
    "data": [
      {
        "text": "Contact",
        "userDefined": false
      }
    ],
    "isTemplate": false,
    "count": 0,
    "updated": 0
  },
  {
    "id": "bf2dbcb3-2a29-406f-a982-5d060c17d660",
    "data": [
      {
        "text": "Contact Us",
        "userDefined": false
      }
    ],
    "isTemplate": false,
    "count": 0,
    "updated": 0
  }
]