[
  {
    "id": "cf8a5403-a972-4b20-bf88-8840e9e647cd",
    "data": [
      {
        "text": "Diploma",
        "userDefined": false
      }
    ],
    "isTemplate": false,
    "count": 0,
    "updated": 0
  },
  {
    "id": "a9238e95-bc45-451a-8c96-2b0e440d2155",
    "data": [
      {
        "text": "diploma courses offered at P I E T",
        "userDefined": false
      }
    ],
    "isTemplate": false,
    "count": 0,
    "updated": 0
  },
  {
    "id": "914c5baa-72e2-478a-ad74-3c8f467d36a3",
    "data": [
      {
        "text": "diploma courses available at P I E T",
        "userDefined": false
      }
    ],
    "isTemplate": false,
    "count": 0,
    "updated": 0
  },
  {
    "id": "f68bc405-f438-4964-9033-b7af48de8d70",
    "data": [
      {
        "text": "Diploma Courses",
        "userDefined": false
      }
    ],
    "isTemplate": false,
    "count": 0,
    "updated": 0
  }
]