[
  {
    "id": "bf25c152-cdcf-4e98-bfe8-3d93dce8d773",
    "data": [
      {
        "text": "postgraduate",
        "userDefined": false
      }
    ],
    "isTemplate": false,
    "count": 0,
    "updated": 0
  },
  {
    "id": "edbf1ead-5750-480e-aa0c-c3f0eca8b248",
    "data": [
      {
        "text": "postgraduate courses",
        "userDefined": false
      }
    ],
    "isTemplate": false,
    "count": 0,
    "updated": 0
  },
  {
    "id": "dc2695ae-c9cb-4cba-a57e-5c33da8834ee",
    "data": [
      {
        "text": "post graduate courses",
        "userDefined": false
      }
    ],
    "isTemplate": false,
    "count": 0,
    "updated": 0
  },
  {
    "id": "0f2cd8d5-8834-4fb6-b9d3-81cb57b695e7",
    "data": [
      {
        "text": "post graduate courses available at P I E T",
        "userDefined": false
      }
    ],
    "isTemplate": false,
    "count": 0,
    "updated": 0
  },
  {
    "id": "e9e8535c-1de8-485e-a068-75f1ac87866b",
    "data": [
      {
        "text": "post graduate courses offered at P I E T",
        "userDefined": false
      }
    ],
    "isTemplate": false,
    "count": 0,
    "updated": 0
  },
  {
    "id": "3c6db679-a9dc-4a4b-9d0a-855886c2383c",
    "data": [
      {
        "text": "P G Courses",
        "userDefined": false
      }
    ],
    "isTemplate": false,
    "count": 0,
    "updated": 0
  }
]