[
  {
    "id": "785f72bb-f5df-42f4-b08c-14c6a5c9a71c",
    "data": [
      {
        "text": "undergraduate",
        "userDefined": false
      }
    ],
    "isTemplate": false,
    "count": 0,
    "updated": 0
  },
  {
    "id": "5500f1e0-f3d4-449a-b3f0-25c7d6ce8ce2",
    "data": [
      {
        "text": "undergraduate courses",
        "userDefined": false
      }
    ],
    "isTemplate": false,
    "count": 0,
    "updated": 0
  },
  {
    "id": "5fc7fed9-d3c6-4f05-94b9-e0dfd90ddbda",
    "data": [
      {
        "text": "under graduate courses offered by P I E T",
        "userDefined": false
      }
    ],
    "isTemplate": false,
    "count": 0,
    "updated": 0
  },
  {
    "id": "a870acd8-34d1-4118-b07e-fc47d229e333",
    "data": [
      {
        "text": "under graduate courses available at P I E T",
        "userDefined": false
      }
    ],
    "isTemplate": false,
    "count": 0,
    "updated": 0
  },
  {
    "id": "70547fe2-3eab-42f0-98d7-7d8879ee31ae",
    "data": [
      {
        "text": "U G courses",
        "userDefined": false
      }
    ],
    "isTemplate": false,
    "count": 0,
    "updated": 0
  },
  {
    "id": "4ce6fe9c-2487-4b9f-b524-a697d92cb988",
    "data": [
      {
        "text": "Under Graduate courses",
        "userDefined": false
      }
    ],
    "isTemplate": false,
    "count": 0,
    "updated": 0
  }
]