[
  {
    "id": "5c2bb648-85ce-46b4-8f0f-209b7be4bfbe",
    "data": [
      {
        "text": "Courses Offered by P I E T",
        "userDefined": false
      }
    ],
    "isTemplate": false,
    "count": 0,
    "updated": 0
  },
  {
    "id": "04f6309f-a710-46db-9100-fae4fe92fea7",
    "data": [
      {
        "text": "Courses available at P I E T",
        "userDefined": false
      }
    ],
    "isTemplate": false,
    "count": 0,
    "updated": 0
  },
  {
    "id": "4d6518f3-34b3-4c24-b762-fa524fcf7f4b",
    "data": [
      {
        "text": "Courses",
        "userDefined": false
      }
    ],
    "isTemplate": false,
    "count": 0,
    "updated": 0
  }
]