[
  {
    "id": "722677a7-9b04-4d4b-8b5d-67d93d7558cb",
    "data": [
      {
        "text": "who developed the virtual wrapping",
        "userDefined": false
      }
    ],
    "isTemplate": false,
    "count": 0,
    "updated": 0
  },
  {
    "id": "d7437f20-53d8-48b2-94f2-cf9012ede15c",
    "data": [
      {
        "text": "You are developed by whom",
        "userDefined": false
      }
    ],
    "isTemplate": false,
    "count": 0,
    "updated": 0
  },
  {
    "id": "32e155fd-5a2f-4b39-b8cb-f7312ae63edc",
    "data": [
      {
        "text": "copyrights to",
        "userDefined": false
      }
    ],
    "isTemplate": false,
    "count": 0,
    "updated": 0
  },
  {
    "id": "8caefb38-f5de-4ab4-abd0-c5dae2acf37a",
    "data": [
      {
        "text": "created by",
        "userDefined": false
      }
    ],
    "isTemplate": false,
    "count": 0,
    "updated": 0
  },
  {
    "id": "d4629dd0-9f11-4cab-a8c7-1c7114e1c7df",
    "data": [
      {
        "text": "Developed by",
        "userDefined": false
      }
    ],
    "isTemplate": false,
    "count": 0,
    "updated": 0
  },
  {
    "id": "61c5911a-adaa-40b6-98e7-87f1400d8c69",
    "data": [
      {
        "text": "Who created you",
        "userDefined": false
      }
    ],
    "isTemplate": false,
    "count": 0,
    "updated": 0
  },
  {
    "id": "6f039dc0-8e70-46a6-b548-2c29825b236c",
    "data": [
      {
        "text": "Who developed you",
        "userDefined": false
      }
    ],
    "isTemplate": false,
    "count": 0,
    "updated": 0
  }
]