[
  {
    "id": "2d342cc0-d63f-4eef-82ce-cec61449c76f",
    "data": [
      {
        "text": "eminent personality at Panipat institute of engineering and technology",
        "userDefined": false
      }
    ],
    "isTemplate": false,
    "count": 0,
    "updated": 0
  },
  {
    "id": "64a83d26-925c-492b-8c61-67f194eaa174",
    "data": [
      {
        "text": "eminent Personalities in PIET",
        "userDefined": false
      }
    ],
    "isTemplate": false,
    "count": 0,
    "updated": 0
  },
  {
    "id": "a8e18c65-fcd5-430b-8cf3-84b48d3606f7",
    "data": [
      {
        "text": "personalities at PIET",
        "userDefined": false
      }
    ],
    "isTemplate": false,
    "count": 0,
    "updated": 0
  },
  {
    "id": "3600deda-c04a-4a24-8a8d-48b63a72a6a7",
    "data": [
      {
        "text": "eminent personality",
        "userDefined": false
      }
    ],
    "isTemplate": false,
    "count": 0,
    "updated": 0
  },
  {
    "id": "ea35be23-9808-42ea-8626-62e7071e8370",
    "data": [
      {
        "text": "Eminent Personalities",
        "userDefined": false
      }
    ],
    "isTemplate": false,
    "count": 0,
    "updated": 0
  }
]