[
  {
    "id": "d0c24325-14ff-410a-ad79-497986b317db",
    "data": [
      {
        "text": "facilities in p I E T",
        "userDefined": false
      }
    ],
    "isTemplate": false,
    "count": 0,
    "updated": 0
  },
  {
    "id": "0b8e25f5-cea7-4fb1-b657-363be19f9797",
    "data": [
      {
        "text": "facilities of P I E T",
        "userDefined": false
      }
    ],
    "isTemplate": false,
    "count": 0,
    "updated": 0
  },
  {
    "id": "d043f92b-a25f-41b8-b965-2fb8e897f7d8",
    "data": [
      {
        "text": "Facilities",
        "userDefined": false
      }
    ],
    "isTemplate": false,
    "count": 0,
    "updated": 0
  },
  {
    "id": "b1506903-0109-49ae-96ff-fef70194275c",
    "data": [
      {
        "text": "Facilities at P I E T",
        "userDefined": false
      }
    ],
    "isTemplate": false,
    "count": 0,
    "updated": 0
  }
]