[
  {
    "id": "0f2dbeb2-87f4-4b91-b189-25d446569a47",
    "data": [
      {
        "text": "teaching staff",
        "userDefined": false
      }
    ],
    "isTemplate": false,
    "count": 0,
    "updated": 0
  },
  {
    "id": "8dfc73b6-b17e-4f68-84af-c104cb66ce2c",
    "data": [
      {
        "text": "Teachers",
        "userDefined": false
      }
    ],
    "isTemplate": false,
    "count": 0,
    "updated": 0
  },
  {
    "id": "2fd07f81-6462-4997-974b-abb03414ead8",
    "data": [
      {
        "text": "Academic Staff at P I E T",
        "userDefined": false
      }
    ],
    "isTemplate": false,
    "count": 0,
    "updated": 0
  },
  {
    "id": "755a34d6-7c21-4d27-9ce5-dbe9ebc93e32",
    "data": [
      {
        "text": "faculty",
        "userDefined": false
      }
    ],
    "isTemplate": false,
    "count": 0,
    "updated": 0
  },
  {
    "id": "3b12e445-2e6b-427c-8f0a-1d8216bd1bbd",
    "data": [
      {
        "text": "Faculty at P I E T",
        "userDefined": false
      }
    ],
    "isTemplate": false,
    "count": 0,
    "updated": 0
  }
]