[
  {
    "id": "c79fb30e-31b2-4aae-950d-65f4df370711",
    "data": [
      {
        "text": "M Tech",
        "userDefined": false
      }
    ],
    "isTemplate": false,
    "count": 0,
    "updated": 0
  },
  {
    "id": "0d639db2-f295-490a-9a12-648ce9734622",
    "data": [
      {
        "text": "master of technology",
        "userDefined": false
      }
    ],
    "isTemplate": false,
    "count": 0,
    "updated": 0
  },
  {
    "id": "218121d6-7252-49ab-bd0a-47c02a5475f7",
    "data": [
      {
        "text": "fee structure maters of technology",
        "userDefined": false
      }
    ],
    "isTemplate": false,
    "count": 0,
    "updated": 0
  },
  {
    "id": "0caee357-947b-4fe8-a704-bafcd9190387",
    "data": [
      {
        "text": "M Tech Fee structure",
        "userDefined": false
      }
    ],
    "isTemplate": false,
    "count": 1,
    "updated": 0
  },
  {
    "id": "b848dd4b-2d10-4d2a-b65f-2d1dc9675087",
    "data": [
      {
        "text": "Fee Structure M Tech",
        "userDefined": false
      }
    ],
    "isTemplate": false,
    "count": 0,
    "updated": 0
  }
]