[
  {
    "id": "19339fd3-c10d-4c27-8411-5a03b55b5f26",
    "data": [
      {
        "text": "D Pharma fee struture",
        "userDefined": false
      }
    ],
    "isTemplate": false,
    "count": 0,
    "updated": 0
  },
  {
    "id": "d69e96d4-092f-4185-a7d5-d70a9a168dfe",
    "data": [
      {
        "text": "D PharmA",
        "userDefined": false
      }
    ],
    "isTemplate": false,
    "count": 0,
    "updated": 0
  },
  {
    "id": "b50865e5-f861-43c4-b1e8-4881e8821ea1",
    "data": [
      {
        "text": "Fee Structure D Pharmacy",
        "userDefined": false
      }
    ],
    "isTemplate": false,
    "count": 0,
    "updated": 0
  },
  {
    "id": "0140cf5e-f097-437c-b1d1-6f19a9265712",
    "data": [
      {
        "text": "fee of d pharmACY",
        "userDefined": false
      }
    ],
    "isTemplate": false,
    "count": 0,
    "updated": 0
  },
  {
    "id": "67c06bb9-51d9-4649-8aa1-7d6ac8c310b2",
    "data": [
      {
        "text": "dpharmacy fee structure",
        "userDefined": false
      }
    ],
    "isTemplate": false,
    "count": 0,
    "updated": 0
  },
  {
    "id": "df30ac8d-5fc9-4551-98af-d0fc523924dc",
    "data": [
      {
        "text": "D Pharmacy",
        "userDefined": false
      }
    ],
    "isTemplate": false,
    "count": 1,
    "updated": 0
  }
]