[
  {
    "id": "5e504abf-0781-4be3-8a87-97f7b353503b",
    "data": [
      {
        "text": "bachelor of computer applications fees",
        "userDefined": false
      }
    ],
    "isTemplate": false,
    "count": 0,
    "updated": 0
  },
  {
    "id": "02b21c30-d431-4aa0-ae52-8151baca58e8",
    "data": [
      {
        "text": "B C A",
        "userDefined": false
      }
    ],
    "isTemplate": false,
    "count": 0,
    "updated": 0
  },
  {
    "id": "932dd3c0-1274-4614-89a4-d0c1cd28ec66",
    "data": [
      {
        "text": "bca",
        "userDefined": false
      }
    ],
    "isTemplate": false,
    "count": 0,
    "updated": 0
  },
  {
    "id": "72eabb94-79b9-4a56-adc4-efe4dc2bc739",
    "data": [
      {
        "text": "bachelor of computer applications",
        "userDefined": false
      }
    ],
    "isTemplate": false,
    "count": 0,
    "updated": 0
  },
  {
    "id": "5a7b4eda-7507-4101-bf29-0c2a02ecfed6",
    "data": [
      {
        "text": "bca  fees",
        "userDefined": false
      }
    ],
    "isTemplate": false,
    "count": 0,
    "updated": 0
  },
  {
    "id": "14880cfc-4d14-4feb-9cd6-2373a7b6c618",
    "data": [
      {
        "text": "B C A fees",
        "userDefined": false
      }
    ],
    "isTemplate": false,
    "count": 0,
    "updated": 0
  },
  {
    "id": "94fd8e00-6758-4da4-a7b1-b37243423a02",
    "data": [
      {
        "text": "Fee Structure B C A",
        "userDefined": false
      }
    ],
    "isTemplate": false,
    "count": 0,
    "updated": 0
  }
]