[
  {
    "id": "c00fce81-d2b3-45cb-9d7b-b2084f7a77d0",
    "data": [
      {
        "text": "fee structure of Masters of Computer Applications (M C A)",
        "userDefined": false
      }
    ],
    "isTemplate": false,
    "count": 0,
    "updated": 0
  },
  {
    "id": "ddeed15a-8567-44ea-ad7a-107d21a1c44d",
    "data": [
      {
        "text": "mca fee",
        "userDefined": false
      }
    ],
    "isTemplate": false,
    "count": 0,
    "updated": 0
  },
  {
    "id": "b6b2bc07-78a9-44cb-8d1e-4971d7905451",
    "data": [
      {
        "text": "mca",
        "userDefined": false
      }
    ],
    "isTemplate": false,
    "count": 0,
    "updated": 0
  },
  {
    "id": "2bce395f-bb3b-49d8-9c7b-4114bb4a2e6f",
    "data": [
      {
        "text": "Masters of Computer Applications",
        "userDefined": false
      }
    ],
    "isTemplate": false,
    "count": 0,
    "updated": 0
  },
  {
    "id": "0925cd43-852a-40eb-a256-63696738c7c6",
    "data": [
      {
        "text": "M C A",
        "userDefined": false
      }
    ],
    "isTemplate": false,
    "count": 0,
    "updated": 0
  },
  {
    "id": "e5370b09-4fe6-49f5-ad6d-a9aa326ca602",
    "data": [
      {
        "text": "M C A fee structure",
        "userDefined": false
      }
    ],
    "isTemplate": false,
    "count": 0,
    "updated": 0
  },
  {
    "id": "19231a5f-5e1c-4e82-975e-85c749c05ac8",
    "data": [
      {
        "text": "Fee Structure M C A",
        "userDefined": false
      }
    ],
    "isTemplate": false,
    "count": 0,
    "updated": 0
  }
]