[
  {
    "id": "30c94460-c1a2-4f8e-b83e-2ba3b880eed3",
    "data": [
      {
        "text": "fee format",
        "userDefined": false
      }
    ],
    "isTemplate": false,
    "count": 0,
    "updated": 0
  },
  {
    "id": "616f9769-b4db-4012-9a25-0f739a6fe923",
    "data": [
      {
        "text": "feestructure",
        "userDefined": false
      }
    ],
    "isTemplate": false,
    "count": 0,
    "updated": 0
  },
  {
    "id": "6fcc0e75-29dc-4b8b-87a4-d1e1658db0df",
    "data": [
      {
        "text": "Fee structure of P I E T",
        "userDefined": false
      }
    ],
    "isTemplate": false,
    "count": 0,
    "updated": 0
  },
  {
    "id": "086e3c1f-01e0-428c-9ea7-b073c12e7209",
    "data": [
      {
        "text": "Fee Structure",
        "userDefined": false
      }
    ],
    "isTemplate": false,
    "count": 0,
    "updated": 0
  }
]