[
  {
    "id": "64589e46-5d60-4c13-96eb-8997df243a9b",
    "data": [
      {
        "text": "fees of bba",
        "userDefined": false
      }
    ],
    "isTemplate": false,
    "count": 0,
    "updated": 0
  },
  {
    "id": "236574fa-42dc-429c-8441-246be0751343",
    "data": [
      {
        "text": "B B A",
        "userDefined": false
      }
    ],
    "isTemplate": false,
    "count": 0,
    "updated": 0
  },
  {
    "id": "c0b7b4e5-f543-4ee6-97df-504bc45c2bf8",
    "data": [
      {
        "text": "bba fee structure",
        "userDefined": false
      }
    ],
    "isTemplate": false,
    "count": 0,
    "updated": 0
  },
  {
    "id": "8ce5fbf2-9800-4510-bf0a-92970364f6f3",
    "data": [
      {
        "text": "bba",
        "userDefined": false
      }
    ],
    "isTemplate": false,
    "count": 0,
    "updated": 0
  },
  {
    "id": "f181b1c4-3661-4161-9cce-5e9626ba90f5",
    "data": [
      {
        "text": "Fee Structure B B A",
        "userDefined": false
      }
    ],
    "isTemplate": false,
    "count": 0,
    "updated": 0
  }
]