[
  {
    "id": "9975e29b-d84b-4641-971f-72473c560d1e",
    "data": [
      {
        "text": "fee of b voc",
        "userDefined": false
      }
    ],
    "isTemplate": false,
    "count": 0,
    "updated": 0
  },
  {
    "id": "1867e724-f08a-4a3b-9d88-f3d6f2e5e6c9",
    "data": [
      {
        "text": "bvoc",
        "userDefined": false
      }
    ],
    "isTemplate": false,
    "count": 0,
    "updated": 0
  },
  {
    "id": "1eb8dac5-c150-4845-a36c-31a199288e33",
    "data": [
      {
        "text": "bachelor of vocation",
        "userDefined": false
      }
    ],
    "isTemplate": false,
    "count": 0,
    "updated": 0
  },
  {
    "id": "665861f5-2201-4d22-9e0b-8ba886499f6d",
    "data": [
      {
        "text": "fee b voc",
        "userDefined": false
      }
    ],
    "isTemplate": false,
    "count": 0,
    "updated": 0
  },
  {
    "id": "82cbd13f-df19-44ee-a626-cfe553d7da62",
    "data": [
      {
        "text": "Fee Structure B Voc",
        "userDefined": false
      }
    ],
    "isTemplate": false,
    "count": 0,
    "updated": 0
  },
  {
    "id": "ab021e1f-1063-4171-ae7d-f57e50b45060",
    "data": [
      {
        "text": "b vocation",
        "userDefined": false
      }
    ],
    "isTemplate": false,
    "count": 1,
    "updated": 0
  }
]