[
  {
    "id": "0972f110-4162-4f4e-bfc5-75c5058ec332",
    "data": [
      {
        "text": "B tech Leet",
        "userDefined": false
      }
    ],
    "isTemplate": false,
    "count": 0,
    "updated": 0
  },
  {
    "id": "41f5293e-6aa3-4361-8354-f4695a23ff62",
    "data": [
      {
        "text": "bachelor of technology",
        "userDefined": false
      }
    ],
    "isTemplate": false,
    "count": 0,
    "updated": 0
  },
  {
    "id": "b394ca09-e99d-43eb-a9e7-778ce41f45f8",
    "data": [
      {
        "text": "btech",
        "userDefined": false
      }
    ],
    "isTemplate": false,
    "count": 0,
    "updated": 0
  },
  {
    "id": "a6d962ad-b017-4085-ae7a-008dfa5e37d1",
    "data": [
      {
        "text": "Bachelor Of technology fees",
        "userDefined": false
      }
    ],
    "isTemplate": false,
    "count": 0,
    "updated": 0
  },
  {
    "id": "800b557f-fe50-4008-ac00-df9ace4842a0",
    "data": [
      {
        "text": "B Tech Fee",
        "userDefined": false
      }
    ],
    "isTemplate": false,
    "count": 1,
    "updated": 0
  },
  {
    "id": "ec619587-4780-4531-b8f9-2006cb0a112c",
    "data": [
      {
        "text": "B Tech Whole Fees",
        "userDefined": false
      }
    ],
    "isTemplate": false,
    "count": 0,
    "updated": 0
  },
  {
    "id": "da484539-93a0-4407-abf2-6240d3802411",
    "data": [
      {
        "text": "B tech Fee Structure",
        "userDefined": false
      }
    ],
    "isTemplate": false,
    "count": 0,
    "updated": 0
  },
  {
    "id": "71eb30c2-8478-405d-b86d-625a3136004a",
    "data": [
      {
        "text": "B Tech",
        "userDefined": false
      }
    ],
    "isTemplate": false,
    "count": 0,
    "updated": 0
  }
]