[
  {
    "id": "01f3dd99-2bd4-4f0f-bd25-5884224c8f01",
    "data": [
      {
        "text": "mba fee structure",
        "userDefined": false
      }
    ],
    "isTemplate": false,
    "count": 0,
    "updated": 0
  },
  {
    "id": "5771e557-c824-4f8a-804d-cd17bf9b6e23",
    "data": [
      {
        "text": "mba",
        "userDefined": false
      }
    ],
    "isTemplate": false,
    "count": 0,
    "updated": 0
  },
  {
    "id": "74d80646-3a5d-4984-b538-aa5da05df3e3",
    "data": [
      {
        "text": "fee structure mba",
        "userDefined": false
      }
    ],
    "isTemplate": false,
    "count": 0,
    "updated": 0
  },
  {
    "id": "821655c8-f847-4c75-af91-f9ee0c8fef2c",
    "data": [
      {
        "text": "Maters in Business Administration",
        "userDefined": false
      }
    ],
    "isTemplate": false,
    "count": 0,
    "updated": 0
  },
  {
    "id": "f7befba7-1f9c-45ad-92e6-f4ccec56f802",
    "data": [
      {
        "text": "Fee Structure M B A",
        "userDefined": false
      }
    ],
    "isTemplate": false,
    "count": 0,
    "updated": 0
  }
]