[
  {
    "id": "f8826819-860b-4eb4-ae64-609b75c1efae",
    "data": [
      {
        "text": "Academic fee structure",
        "userDefined": false
      }
    ],
    "isTemplate": false,
    "count": 0,
    "updated": 0
  },
  {
    "id": "b0904516-481e-4992-bda8-1df12c09f072",
    "data": [
      {
        "text": "Academic Fees",
        "userDefined": false
      }
    ],
    "isTemplate": false,
    "count": 0,
    "updated": 0
  },
  {
    "id": "26d5db2d-869f-4020-946c-b42d54aa65bd",
    "data": [
      {
        "text": "Academicfees",
        "userDefined": false
      }
    ],
    "isTemplate": false,
    "count": 0,
    "updated": 0
  },
  {
    "id": "31ace055-4ffe-449c-97f1-e4a8ed0bcb53",
    "data": [
      {
        "text": "Academic",
        "userDefined": false
      }
    ],
    "isTemplate": false,
    "count": 0,
    "updated": 0
  }
]