[
  {
    "id": "72eab344-fd27-4c00-963e-dfe3233b280a",
    "data": [
      {
        "text": "help in solving queries related to piet",
        "userDefined": false
      }
    ],
    "isTemplate": false,
    "count": 0,
    "updated": 0
  },
  {
    "id": "a432dc77-55a8-445c-996c-769836f73a2e",
    "data": [
      {
        "text": "try to solve my issue",
        "userDefined": false
      }
    ],
    "isTemplate": false,
    "count": 0,
    "updated": 0
  },
  {
    "id": "4531a0bb-7811-4a7f-bb73-10f8f314f4c5",
    "data": [
      {
        "text": "how can you help me",
        "userDefined": false
      }
    ],
    "isTemplate": false,
    "count": 0,
    "updated": 0
  },
  {
    "id": "f897492c-0469-496b-9c87-9fede0bab78f",
    "data": [
      {
        "text": "how can you assist me",
        "userDefined": false
      }
    ],
    "isTemplate": false,
    "count": 0,
    "updated": 0
  },
  {
    "id": "9c0d35cb-9ec9-49e4-914d-cf1f8f3be0ce",
    "data": [
      {
        "text": "What can you do for me",
        "userDefined": false
      }
    ],
    "isTemplate": false,
    "count": 0,
    "updated": 0
  },
  {
    "id": "bceda975-35b8-4f8a-a129-80f8f8f38f61",
    "data": [
      {
        "text": "What can you tell me?",
        "userDefined": false
      }
    ],
    "isTemplate": false,
    "count": 0,
    "updated": 0
  },
  {
    "id": "80f56e67-6bcc-48bb-89fd-568a71414e51",
    "data": [
      {
        "text": "Home",
        "userDefined": false
      }
    ],
    "isTemplate": false,
    "count": 0,
    "updated": 0
  }
]