[
  {
    "id": "599236ae-3f0d-4fdb-9fd1-8b1fb882c154",
    "data": [
      {
        "text": "Hostel",
        "userDefined": false
      }
    ],
    "isTemplate": false,
    "count": 0,
    "updated": 0
  },
  {
    "id": "3b1d27ab-40bb-4c31-acef-fc4fc09ce28d",
    "data": [
      {
        "text": "rooms",
        "userDefined": false
      }
    ],
    "isTemplate": false,
    "count": 0,
    "updated": 0
  },
  {
    "id": "fc07ef39-7578-4635-9f75-5e8501b5d700",
    "data": [
      {
        "text": "non ac rooms",
        "userDefined": false
      }
    ],
    "isTemplate": false,
    "count": 0,
    "updated": 0
  },
  {
    "id": "496bee93-57a0-46eb-bea4-e4608e17f84a",
    "data": [
      {
        "text": "standard rooms",
        "userDefined": false
      }
    ],
    "isTemplate": false,
    "count": 0,
    "updated": 0
  },
  {
    "id": "b5c49f4e-fc20-4f67-96b9-49d09c2dae84",
    "data": [
      {
        "text": "ac rooms",
        "userDefined": false
      }
    ],
    "isTemplate": false,
    "count": 0,
    "updated": 0
  },
  {
    "id": "a3804b2d-5265-46f5-a9bc-e5d8f06235fe",
    "data": [
      {
        "text": "rooms fee",
        "userDefined": false
      }
    ],
    "isTemplate": false,
    "count": 0,
    "updated": 0
  },
  {
    "id": "799ccbdd-a447-4f84-93cc-9e16bece0410",
    "data": [
      {
        "text": "Rooms Accomodation",
        "userDefined": false
      }
    ],
    "isTemplate": false,
    "count": 0,
    "updated": 0
  },
  {
    "id": "a260e32a-6f38-42fd-91d4-57c9423e24f9",
    "data": [
      {
        "text": "hostel fee",
        "userDefined": false
      }
    ],
    "isTemplate": false,
    "count": 0,
    "updated": 0
  },
  {
    "id": "84eec34d-372d-4ce0-ab1f-7c6787af005b",
    "data": [
      {
        "text": "hostel fee structure",
        "userDefined": false
      }
    ],
    "isTemplate": false,
    "count": 0,
    "updated": 0
  }
]