[
  {
    "id": "a7788d3b-6c7b-4db4-8e46-fde7314a8ec1",
    "data": [
      {
        "text": "life",
        "userDefined": false
      }
    ],
    "isTemplate": false,
    "count": 0,
    "updated": 0
  },
  {
    "id": "a76ceb25-842c-4f63-9d74-18035591dbb8",
    "data": [
      {
        "text": "life at piet college",
        "userDefined": false
      }
    ],
    "isTemplate": false,
    "count": 0,
    "updated": 0
  },
  {
    "id": "2ff2be93-d4dd-487f-ab5c-7b769b91e33f",
    "data": [
      {
        "text": "life at piet",
        "userDefined": false
      }
    ],
    "isTemplate": false,
    "count": 0,
    "updated": 0
  },
  {
    "id": "87fe1768-a7b8-4d48-b057-beac8a4cae60",
    "data": [
      {
        "text": "life at panipat institute of engineering and technology",
        "userDefined": false
      }
    ],
    "isTemplate": false,
    "count": 0,
    "updated": 0
  },
  {
    "id": "9bae55f1-4a82-42d1-8a6f-d4d100ec8df8",
    "data": [
      {
        "text": "life at P I E T",
        "userDefined": false
      }
    ],
    "isTemplate": false,
    "count": 0,
    "updated": 0
  }
]