[
  {
    "id": "d0f6ba34-3359-4df8-a11f-7902b0aa33ad",
    "data": [
      {
        "text": "p I E T situated",
        "userDefined": false
      }
    ],
    "isTemplate": false,
    "count": 0,
    "updated": 0
  },
  {
    "id": "a8582904-70c1-481d-890c-e0707ee4b857",
    "data": [
      {
        "text": "P I E T Location",
        "userDefined": false
      }
    ],
    "isTemplate": false,
    "count": 0,
    "updated": 0
  },
  {
    "id": "e8a0600d-adb8-4ae9-ad8f-2144527d067b",
    "data": [
      {
        "text": "Where is P I E T Located",
        "userDefined": false
      }
    ],
    "isTemplate": false,
    "count": 0,
    "updated": 0
  },
  {
    "id": "e147cbb7-80a3-4046-bb17-4ea024e39a41",
    "data": [
      {
        "text": "Location",
        "userDefined": false
      }
    ],
    "isTemplate": false,
    "count": 0,
    "updated": 0
  }
]