[
  {
    "id": "c39b3994-f7e0-4f6a-b208-ccb05a77171b",
    "data": [
      {
        "text": "Maestros in PIET",
        "userDefined": false
      }
    ],
    "isTemplate": false,
    "count": 0,
    "updated": 0
  },
  {
    "id": "4a7f01b9-bb99-43e5-b2f1-a39772e24bfe",
    "data": [
      {
        "text": "Maestros at panipat institute of engineering and technology",
        "userDefined": false
      }
    ],
    "isTemplate": false,
    "count": 0,
    "updated": 0
  },
  {
    "id": "21d07018-f3e6-455b-9af3-57131b28e174",
    "data": [
      {
        "text": "Maestros",
        "userDefined": false
      }
    ],
    "isTemplate": false,
    "count": 0,
    "updated": 0
  },
  {
    "id": "6dae0b40-1f68-4f3d-9c86-638ada815d59",
    "data": [
      {
        "text": "Maestros at PIET",
        "userDefined": false
      }
    ],
    "isTemplate": false,
    "count": 0,
    "updated": 0
  },
  {
    "id": "15105944-dcec-4ec2-8904-412ae482781a",
    "data": [
      {
        "text": "PIET Maestros",
        "userDefined": false
      }
    ],
    "isTemplate": false,
    "count": 0,
    "updated": 0
  }
]