[
  {
    "id": "70144417-8ec5-48cc-ae87-0d67cffe763f",
    "data": [
      {
        "text": "induction program",
        "userDefined": false
      }
    ],
    "isTemplate": false,
    "count": 0,
    "updated": 0
  },
  {
    "id": "c6af39e9-bccb-4323-856f-266a5240daf6",
    "data": [
      {
        "text": "induction program in piet",
        "userDefined": false
      }
    ],
    "isTemplate": false,
    "count": 1,
    "updated": 0
  },
  {
    "id": "0c9da973-b808-487a-8dbe-60cc49eccd64",
    "data": [
      {
        "text": "Induction at piet",
        "userDefined": false
      }
    ],
    "isTemplate": false,
    "count": 0,
    "updated": 0
  },
  {
    "id": "8b8d5657-6bf3-4eb4-b0f6-22bd71614085",
    "data": [
      {
        "text": "INduction Program at PIET",
        "userDefined": false
      }
    ],
    "isTemplate": false,
    "count": 0,
    "updated": 0
  },
  {
    "id": "c6c53b98-f0d3-448a-a93e-db6c0e3b5d53",
    "data": [
      {
        "text": "PIET Induction",
        "userDefined": false
      }
    ],
    "isTemplate": false,
    "count": 0,
    "updated": 0
  }
]