[
  {
    "id": "092a8e94-50cc-45c9-823c-3000644a521f",
    "data": [
      {
        "text": "Convocation at panipat institute of engineering and technology",
        "userDefined": false
      }
    ],
    "isTemplate": false,
    "count": 0,
    "updated": 0
  },
  {
    "id": "767ea13f-0afb-4ce8-8468-0573a6048f61",
    "data": [
      {
        "text": "Convocation",
        "userDefined": false
      }
    ],
    "isTemplate": false,
    "count": 0,
    "updated": 0
  },
  {
    "id": "3377d552-25a7-41b1-a6b5-3b65b44243b9",
    "data": [
      {
        "text": "convocation in PIET",
        "userDefined": false
      }
    ],
    "isTemplate": false,
    "count": 0,
    "updated": 0
  },
  {
    "id": "c1776ecf-e8f6-4db5-ac06-8dd1ef18ab9a",
    "data": [
      {
        "text": "Convocation at PIET",
        "userDefined": false
      }
    ],
    "isTemplate": false,
    "count": 0,
    "updated": 0
  },
  {
    "id": "fe7d7ffa-ab42-4172-9430-e821783a5631",
    "data": [
      {
        "text": "PIET Convocation",
        "userDefined": false
      }
    ],
    "isTemplate": false,
    "count": 0,
    "updated": 0
  }
]