[
  {
    "id": "7ba6d710-181d-476e-877f-3396b4619c64",
    "data": [
      {
        "text": "alumni association in PIET",
        "userDefined": false
      }
    ],
    "isTemplate": false,
    "count": 0,
    "updated": 0
  },
  {
    "id": "5d06f61f-7932-481d-a39d-105d05199237",
    "data": [
      {
        "text": "alumni association at piet",
        "userDefined": false
      }
    ],
    "isTemplate": false,
    "count": 0,
    "updated": 0
  },
  {
    "id": "2b7e14f1-1a95-4061-811a-07b16e3d91f6",
    "data": [
      {
        "text": "Alumni at panipat institute of engineering and technology",
        "userDefined": false
      }
    ],
    "isTemplate": false,
    "count": 0,
    "updated": 0
  },
  {
    "id": "0d94ca14-e32a-421d-931d-032deb5bddc7",
    "data": [
      {
        "text": "Alumni",
        "userDefined": false
      }
    ],
    "isTemplate": false,
    "count": 0,
    "updated": 0
  },
  {
    "id": "51824608-7d54-4067-89a5-0ec1ad35b023",
    "data": [
      {
        "text": "PIET Alumni association",
        "userDefined": false
      }
    ],
    "isTemplate": false,
    "count": 0,
    "updated": 0
  },
  {
    "id": "3946eef2-0868-4fe1-ac87-907540a9e1cb",
    "data": [
      {
        "text": "Alumni Association",
        "userDefined": false
      }
    ],
    "isTemplate": false,
    "count": 0,
    "updated": 0
  }
]