[
  {
    "id": "d7429d91-5f30-4219-a8ee-0c9703804098",
    "data": [
      {
        "text": "https://www.piet.co.in/life-at-piet/piet-carbuncle/",
        "alias": "url",
        "meta": "@sys.url",
        "userDefined": false
      }
    ],
    "isTemplate": false,
    "count": 0,
    "updated": 0
  },
  {
    "id": "1a561c95-74f8-4dde-ac4a-3ac064a66454",
    "data": [
      {
        "text": "carbuncle",
        "userDefined": false
      }
    ],
    "isTemplate": false,
    "count": 0,
    "updated": 0
  },
  {
    "id": "8bdff65e-d5e2-42c1-85a1-6b25d5cca794",
    "data": [
      {
        "text": "Carbuncle in panipat institute of engineering and technology",
        "userDefined": false
      }
    ],
    "isTemplate": false,
    "count": 0,
    "updated": 0
  },
  {
    "id": "01b40bf2-3cb3-4783-9135-72f2799df62e",
    "data": [
      {
        "text": "Carbuncle in P I E T",
        "userDefined": false
      }
    ],
    "isTemplate": false,
    "count": 0,
    "updated": 0
  },
  {
    "id": "d66b8656-773d-4ba1-9730-a4a3bf3e6016",
    "data": [
      {
        "text": "Carbuncle at PIET",
        "userDefined": false
      }
    ],
    "isTemplate": false,
    "count": 0,
    "updated": 0
  },
  {
    "id": "c0d346e4-4488-4ff7-9cee-94e8df76ef2d",
    "data": [
      {
        "text": "PIET Carbuncle",
        "userDefined": false
      }
    ],
    "isTemplate": false,
    "count": 0,
    "updated": 0
  }
]