[
  {
    "id": "5a55529e-a986-446c-af21-6fd759530db4",
    "data": [
      {
        "text": "https://www.piet.co.in/orientation-programme/",
        "alias": "url",
        "meta": "@sys.url",
        "userDefined": false
      }
    ],
    "isTemplate": false,
    "count": 0,
    "updated": 0
  },
  {
    "id": "34b6eec1-9206-4609-bc10-35fefaf42487",
    "data": [
      {
        "text": "Orientation Program in PIET",
        "userDefined": false
      }
    ],
    "isTemplate": false,
    "count": 0,
    "updated": 0
  },
  {
    "id": "516e4640-5ac5-4e34-acfc-3766142fa666",
    "data": [
      {
        "text": "Orientation Program at PIET",
        "userDefined": false
      }
    ],
    "isTemplate": false,
    "count": 0,
    "updated": 0
  },
  {
    "id": "ed155a26-4728-45f3-8913-628f6f11f0fc",
    "data": [
      {
        "text": "Orientation Program at Panipat institute of engineering and technology",
        "userDefined": false
      }
    ],
    "isTemplate": false,
    "count": 0,
    "updated": 0
  },
  {
    "id": "d06c9cda-5876-4a6e-91ef-56ba51472367",
    "data": [
      {
        "text": "PIET Orientation Program",
        "userDefined": false
      }
    ],
    "isTemplate": false,
    "count": 0,
    "updated": 0
  },
  {
    "id": "6c9c71ed-2339-4279-adf4-47b843af16d5",
    "data": [
      {
        "text": " Orientation Program",
        "userDefined": false
      }
    ],
    "isTemplate": false,
    "count": 0,
    "updated": 0
  }
]