[
  {
    "id": "b26b01ae-62ee-4e69-bb3c-9269b073e55a",
    "data": [
      {
        "text": "exit virtual wrapping",
        "userDefined": false
      }
    ],
    "isTemplate": false,
    "count": 0,
    "updated": 0
  },
  {
    "id": "8ebe0a3b-e1f0-4ed5-81e0-16f4c9be676c",
    "data": [
      {
        "text": "take me to exit",
        "userDefined": false
      }
    ],
    "isTemplate": false,
    "count": 0,
    "updated": 0
  },
  {
    "id": "c5a48fc8-1725-4931-8408-d7e0bc145da7",
    "data": [
      {
        "text": "terminate",
        "userDefined": false
      }
    ],
    "isTemplate": false,
    "count": 0,
    "updated": 0
  },
  {
    "id": "815d9660-f264-418e-8462-afef29504806",
    "data": [
      {
        "text": "bbye",
        "userDefined": false
      }
    ],
    "isTemplate": false,
    "count": 0,
    "updated": 0
  },
  {
    "id": "5cd38742-dd8d-48e3-a90a-dc010568dfab",
    "data": [
      {
        "text": "exit",
        "userDefined": false
      }
    ],
    "isTemplate": false,
    "count": 0,
    "updated": 0
  },
  {
    "id": "cb554b56-edbb-4d3b-8e37-65bc1647cdba",
    "data": [
      {
        "text": "Bye",
        "userDefined": false
      }
    ],
    "isTemplate": false,
    "count": 0,
    "updated": 0
  }
]