[
  {
    "id": "92dc825b-f4d1-4de6-a9c6-27db978e4118",
    "data": [
      {
        "text": "you helped me",
        "userDefined": false
      }
    ],
    "isTemplate": false,
    "count": 0,
    "updated": 0
  },
  {
    "id": "a4838a4e-9785-4f5b-a732-a0763fb31ed2",
    "data": [
      {
        "text": "thanks you",
        "userDefined": false
      }
    ],
    "isTemplate": false,
    "count": 0,
    "updated": 0
  },
  {
    "id": "e7b8eebf-9f1c-4046-97c7-a2a1b058879f",
    "data": [
      {
        "text": "thankyou",
        "userDefined": false
      }
    ],
    "isTemplate": false,
    "count": 0,
    "updated": 0
  },
  {
    "id": "df0a4c60-ff89-4299-ac2c-cec88435d4a3",
    "data": [
      {
        "text": "nice to talk",
        "userDefined": false
      }
    ],
    "isTemplate": false,
    "count": 0,
    "updated": 0
  },
  {
    "id": "5aaa5857-01aa-4c70-b821-5b78048881b7",
    "data": [
      {
        "text": "Thanks",
        "userDefined": false
      }
    ],
    "isTemplate": false,
    "count": 0,
    "updated": 0
  },
  {
    "id": "e0619617-9041-4177-8a19-a6c72d1feedf",
    "data": [
      {
        "text": "Thank You",
        "userDefined": false
      }
    ],
    "isTemplate": false,
    "count": 0,
    "updated": 0
  }
]