[
  {
    "id": "731d96bb-4fa9-47a8-bb65-f76d21aef4a1",
    "data": [
      {
        "text": "Bus fees",
        "userDefined": false
      }
    ],
    "isTemplate": false,
    "count": 0,
    "updated": 0
  },
  {
    "id": "40c16e2b-6d52-454e-8657-2f41cf1d9437",
    "data": [
      {
        "text": "BUs Facilities",
        "userDefined": false
      }
    ],
    "isTemplate": false,
    "count": 0,
    "updated": 0
  },
  {
    "id": "96f04dae-6f00-4114-91d5-e16f7d93ebde",
    "data": [
      {
        "text": "transport facilities from ",
        "userDefined": false
      },
      {
        "text": "panipat",
        "alias": "geo-city",
        "meta": "@sys.geo-city",
        "userDefined": true
      }
    ],
    "isTemplate": false,
    "count": 0,
    "updated": 0
  },
  {
    "id": "e4e56453-a499-4667-a894-50ddcf8451c8",
    "data": [
      {
        "text": "transportation fees from ",
        "userDefined": false
      },
      {
        "text": "delhi",
        "alias": "geo-city",
        "meta": "@sys.geo-city",
        "userDefined": false
      }
    ],
    "isTemplate": false,
    "count": 0,
    "updated": 0
  },
  {
    "id": "757fd2ce-f55e-4ac0-b0ba-7bf5e780b83b",
    "data": [
      {
        "text": "transport facilities",
        "userDefined": false
      }
    ],
    "isTemplate": false,
    "count": 0,
    "updated": 0
  },
  {
    "id": "bded528c-5cfb-4dc3-8242-be0b14264101",
    "data": [
      {
        "text": "Transportation Fees",
        "userDefined": false
      }
    ],
    "isTemplate": false,
    "count": 0,
    "updated": 0
  },
  {
    "id": "32205c3c-7283-4178-91cd-db6f5c61c842",
    "data": [
      {
        "text": "Transportation",
        "userDefined": false
      }
    ],
    "isTemplate": false,
    "count": 0,
    "updated": 0
  },
  {
    "id": "3de80cfd-0f00-47df-9b71-62d5b58ff5bb",
    "data": [
      {
        "text": "Transportation fees Structure",
        "userDefined": false
      }
    ],
    "isTemplate": false,
    "count": 0,
    "updated": 0
  }
]